Metric,Value
Accuracy,0.787774594078319
AUC,0.9751624190208149
Precision,0.7872889473373663
Recall,0.787774594078319
F1-score,0.7860314957692254
